Source,Target,Weight,Type
out_AmbrusZoltan_MidasKiraly-szec,out_BalazsBela_MarianneOrszaga-szimb,1,undirected
out_AmbrusZoltan_MidasKiraly-szec,out_BrodySandor_Rembrandt,24,undirected
out_AmbrusZoltan_MidasKiraly-szec,out_CsikyGergely_SisyphusMunkaja,1,undirected
out_AmbrusZoltan_MidasKiraly-szec,out_FüstMilán_FeleségemTörténete,20,undirected
out_AmbrusZoltan_MidasKiraly-szec,out_MóriczZs_LégyJóMindhalalig-real,6,undirected
out_AmbrusZoltan_MidasKiraly-szec,out_OttlikGeza_Iskola,3,undirected
out_AmbrusZoltan_MidasKiraly-szec,out_SzomoryDezső_APárizsiRegény-szimb,1,undirected
out_AmbrusZoltan_MidasKiraly-szec,out_Tomorkeny_ABujdoso,3,undirected
out_AmbrusZoltan_MidasKiraly-szec,out_TorokGyula_APorban-real,2,undirected
out_AmbrusZoltan_MidasKiraly-szec,out_TorokGyula_Ikrek,3,undirected
out_BabitsMihaly_AGolyakalifa-szimb,out_BrodySandor_Hófehérke,5,undirected
out_BabitsMihaly_AGolyakalifa-szimb,out_BrodySandor_Rembrandt,1,undirected
out_BabitsMihaly_AGolyakalifa-szimb,out_CsathGeza_AVorosEszti-szimb,3,undirected
out_BabitsMihaly_AGolyakalifa-szimb,out_GozsduElek_Köd,3,undirected
out_BabitsMihaly_AGolyakalifa-szimb,out_MaloyaiDezso_AzUtolso-szimb,6,undirected
out_BabitsMihaly_AGolyakalifa-szimb,out_TorokGyula_APorban-real,11,undirected
out_BabitsMihaly_AGolyakalifa-szimb,out_TorokGyula_Ikrek,10,undirected
out_BabitsMihaly_HalalFiai-szimb,out_BabitsMihaly_Kartyavar-szimb,4,undirected
out_BabitsMihaly_HalalFiai-szimb,out_BabitsMihaly_TimarVirgilFia-szimb,22,undirected
out_BabitsMihaly_HalalFiai-szimb,out_CsikyGergely_SisyphusMunkaja,22,undirected
out_BabitsMihaly_HalalFiai-szimb,out_HerczegFerenc_AzÉletKapuja,1,undirected
out_BabitsMihaly_HalalFiai-szimb,out_IvanyiOdon_APuspokAtyafisaga,3,undirected
out_BabitsMihaly_HalalFiai-szimb,out_JusthZsigmond_APenzLegendaja,3,undirected
out_BabitsMihaly_HalalFiai-szimb,out_KaffkaM_Hangyaboly,11,undirected
out_BabitsMihaly_HalalFiai-szimb,out_KaffkaM_SzínekÉsÉvek-szimb,6,undirected
out_BabitsMihaly_HalalFiai-szimb,out_PrémJózsef_Félvér,1,undirected
out_BabitsMihaly_HalalFiai-szimb,out_SzomoryDezso_AzEletDiadala-szimb,2,undirected
out_BabitsMihaly_Kartyavar-szimb,out_BabitsMihaly_HalalFiai-szimb,4,undirected
out_BabitsMihaly_Kartyavar-szimb,out_BabitsMihaly_TimarVirgilFia-szimb,8,undirected
out_BabitsMihaly_Kartyavar-szimb,out_CsikyGergely_SisyphusMunkaja,6,undirected
out_BabitsMihaly_Kartyavar-szimb,out_IvanyiOdon_APuspokAtyafisaga,14,undirected
out_BabitsMihaly_Kartyavar-szimb,out_JusthZsigmond_APenzLegendaja,1,undirected
out_BabitsMihaly_Kartyavar-szimb,out_KaffkaMargit_SuppedoTalajon-szimb,1,undirected
out_BabitsMihaly_Kartyavar-szimb,out_RákosiJ_ALegnagyobbBolond,5,undirected
out_BabitsMihaly_Kartyavar-szimb,out_SzaboDezso_AzElsodortFalu-exp,5,undirected
out_BabitsMihaly_TimarVirgilFia-szimb,out_BabitsMihaly_HalalFiai-szimb,22,undirected
out_BabitsMihaly_TimarVirgilFia-szimb,out_BabitsMihaly_Kartyavar-szimb,8,undirected
out_BabitsMihaly_TimarVirgilFia-szimb,out_IvanyiOdon_APuspokAtyafisaga,6,undirected
out_BabitsMihaly_TimarVirgilFia-szimb,out_KaffkaM_Hangyaboly,8,undirected
out_BabitsMihaly_TimarVirgilFia-szimb,out_KaffkaM_SzínekÉsÉvek-szimb,1,undirected
out_BabitsMihaly_TimarVirgilFia-szimb,out_PrémJózsef_Félvér,1,undirected
out_BalazsBela_MarianneOrszaga-szimb,out_AmbrusZoltan_MidasKiraly-szec,1,undirected
out_BalazsBela_MarianneOrszaga-szimb,out_FüstMilán_FeleségemTörténete,1,undirected
out_BalazsBela_MarianneOrszaga-szimb,out_GozsduElek_Köd,2,undirected
out_BalazsBela_MarianneOrszaga-szimb,out_JusthZsigmond_APenzLegendaja,12,undirected
out_BalazsBela_MarianneOrszaga-szimb,out_MandyI_ALocsolokocsi,1,undirected
out_BalazsBela_MarianneOrszaga-szimb,out_MóriczZs_LégyJóMindhalalig-real,9,undirected
out_BalazsBela_MarianneOrszaga-szimb,out_MoriczZsigmond_Pillango-real,7,undirected
out_BartaSandor_EgyugyuZahariasAMegvalto-exp,out_HerczegFerenc_AzÉletKapuja,14,undirected
out_BartaSandor_EgyugyuZahariasAMegvalto-exp,out_HerczegFerenc_SzelekSzárnyán,11,undirected
out_BartaSandor_EgyugyuZahariasAMegvalto-exp,out_KrúdyGy_AVörösPostakocsi-szimb,4,undirected
out_BartaSandor_EgyugyuZahariasAMegvalto-exp,out_KrudyGyula_OsziUtazasokAVoros-szimb,12,undirected
out_BartaSandor_EgyugyuZahariasAMegvalto-exp,out_MáraiS_AGyertyákCsonkig,3,undirected
out_BartaSandor_EgyugyuZahariasAMegvalto-exp,out_SzaboDezso_Feltamadas_makucskan-exp,1,undirected
out_BrodySandor_Hófehérke,out_BabitsMihaly_AGolyakalifa-szimb,5,undirected
out_BrodySandor_Hófehérke,out_BrodySandor_Rembrandt,2,undirected
out_BrodySandor_Hófehérke,out_DeryTibor_KethanguKialtas-exp,2,undirected
out_BrodySandor_Hófehérke,out_Kosztolányi_ÉdesAnna,20,undirected
out_BrodySandor_Hófehérke,out_MóriczZs_Árvácska-real,8,undirected
out_BrodySandor_Hófehérke,out_MoriczZsigmond_Pillango-real,6,undirected
out_BrodySandor_Hófehérke,out_OttlikGeza_Iskola,2,undirected
out_BrodySandor_Rembrandt,out_AmbrusZoltan_MidasKiraly-szec,24,undirected
out_BrodySandor_Rembrandt,out_BabitsMihaly_AGolyakalifa-szimb,1,undirected
out_BrodySandor_Rembrandt,out_BrodySandor_Hófehérke,2,undirected
out_BrodySandor_Rembrandt,out_CsathGeza_AVorosEszti-szimb,4,undirected
out_BrodySandor_Rembrandt,out_FüstMilán_FeleségemTörténete,5,undirected
out_BrodySandor_Rembrandt,out_MóriczZs_Árvácska-real,2,undirected
out_BrodySandor_Rembrandt,out_OttlikGeza_Iskola,3,undirected
out_BrodySandor_Rembrandt,out_Tomorkeny_ABujdoso,8,undirected
out_BrodySandor_Rembrandt,out_TorokGyula_APorban-real,17,undirected
out_BrodySandor_Rembrandt,out_TorokGyula_Ikrek,3,undirected
out_CsathGeza_AVorosEszti-szimb,out_BabitsMihaly_AGolyakalifa-szimb,3,undirected
out_CsathGeza_AVorosEszti-szimb,out_BrodySandor_Rembrandt,4,undirected
out_CsathGeza_AVorosEszti-szimb,out_GozsduElek_Köd,5,undirected
out_CsathGeza_AVorosEszti-szimb,out_MandyI_ALocsolokocsi,5,undirected
out_CsathGeza_AVorosEszti-szimb,out_MandyI_APalyaSzelen,3,undirected
out_CsathGeza_AVorosEszti-szimb,out_OttlikGeza_Iskola,1,undirected
out_CsathGeza_AVorosEszti-szimb,out_PrémJózsef_Félvér,3,undirected
out_CsathGeza_AVorosEszti-szimb,out_TorokGyula_APorban-real,6,undirected
out_CsikyGergely_SisyphusMunkaja,out_AmbrusZoltan_MidasKiraly-szec,1,undirected
out_CsikyGergely_SisyphusMunkaja,out_BabitsMihaly_HalalFiai-szimb,22,undirected
out_CsikyGergely_SisyphusMunkaja,out_BabitsMihaly_Kartyavar-szimb,6,undirected
out_CsikyGergely_SisyphusMunkaja,out_GozsduElek_Köd,5,undirected
out_CsikyGergely_SisyphusMunkaja,out_JusthZsigmond_APenzLegendaja,4,undirected
out_CsikyGergely_SisyphusMunkaja,out_KaffkaM_Hangyaboly,5,undirected
out_CsikyGergely_SisyphusMunkaja,out_KaffkaM_SzínekÉsÉvek-szimb,1,undirected
out_CsikyGergely_SisyphusMunkaja,out_Kosztolányi_NeroAVéres,2,undirected
out_CsikyGergely_SisyphusMunkaja,out_PrémJózsef_Félvér,21,undirected
out_CsikyGergely_SisyphusMunkaja,out_RákosiJ_ALegnagyobbBolond,13,undirected
out_CsikyGergely_SisyphusMunkaja,out_Tomorkeny_ABujdoso,2,undirected
out_DeryTibor_KethanguKialtas-exp,out_BrodySandor_Hófehérke,2,undirected
out_DeryTibor_KethanguKialtas-exp,out_KassakLajos_TragediasFigurak-exp,13,undirected
out_DeryTibor_KethanguKialtas-exp,out_Kosztolányi_ÉdesAnna,2,undirected
out_DeryTibor_KethanguKialtas-exp,out_MaloyaiDezso_AzUtolso-szimb,3,undirected
out_DeryTibor_KethanguKialtas-exp,out_MoraFerenc_EnekABuzamezokrol-nep,8,undirected
out_DeryTibor_KethanguKialtas-exp,out_MóriczZs_Árvácska-real,3,undirected
out_DeryTibor_KethanguKialtas-exp,out_NémethLászló_Iszony,1,undirected
out_DeryTibor_KethanguKialtas-exp,out_TorokGyula_Ikrek,4,undirected
out_FüstMilán_FeleségemTörténete,out_AmbrusZoltan_MidasKiraly-szec,20,undirected
out_FüstMilán_FeleségemTörténete,out_BalazsBela_MarianneOrszaga-szimb,1,undirected
out_FüstMilán_FeleségemTörténete,out_BrodySandor_Rembrandt,5,undirected
out_FüstMilán_FeleségemTörténete,out_JusthZsigmond_APenzLegendaja,2,undirected
out_FüstMilán_FeleségemTörténete,out_MaloyaiDezso_AzUtolso-szimb,17,undirected
out_FüstMilán_FeleségemTörténete,out_MóriczZs_LégyJóMindhalalig-real,27,undirected
out_FüstMilán_FeleségemTörténete,out_NemethLaszlo_EgetoEszter,1,undirected
out_FüstMilán_FeleségemTörténete,out_NémethLászló_Iszony,3,undirected
out_FüstMilán_FeleségemTörténete,out_OttlikGeza_Iskola,5,undirected
out_FüstMilán_FeleségemTörténete,out_SzomoryDezső_APárizsiRegény-szimb,2,undirected
out_GárdonyiG_ALáthatatlanEmber,out_GárdonyiG_EgriCsillagok,30,undirected
out_GárdonyiG_ALáthatatlanEmber,out_GardonyiGeza_TeBerkenye-szimb,23,undirected
out_GárdonyiG_ALáthatatlanEmber,out_Hunyadi_Bakaruhában,5,undirected
out_GárdonyiG_ALáthatatlanEmber,out_HunyadySandor_TeliSport,5,undirected
out_GárdonyiG_ALáthatatlanEmber,out_LovikKaroly_AzAranyPolgar-real,1,undirected
out_GárdonyiG_ALáthatatlanEmber,out_MandyI_ATrafik,6,undirected
out_GárdonyiG_EgriCsillagok,out_GárdonyiG_ALáthatatlanEmber,30,undirected
out_GárdonyiG_EgriCsillagok,out_GardonyiGeza_TeBerkenye-szimb,22,undirected
out_GárdonyiG_EgriCsillagok,out_GulacsyIren_FeketeVolegeny-exp,1,undirected
out_GárdonyiG_EgriCsillagok,out_Hunyadi_Bakaruhában,9,undirected
out_GárdonyiG_EgriCsillagok,out_HunyadySandor_TeliSport,9,undirected
out_GárdonyiG_EgriCsillagok,out_MandyI_ATrafik,5,undirected
out_GardonyiGeza_TeBerkenye-szimb,out_GárdonyiG_ALáthatatlanEmber,23,undirected
out_GardonyiGeza_TeBerkenye-szimb,out_GárdonyiG_EgriCsillagok,22,undirected
out_GardonyiGeza_TeBerkenye-szimb,out_Hunyadi_Bakaruhában,2,undirected
out_GardonyiGeza_TeBerkenye-szimb,out_KassakLajos_TragediasFigurak-exp,9,undirected
out_GardonyiGeza_TeBerkenye-szimb,out_MandyI_ATrafik,7,undirected
out_GardonyiGeza_TeBerkenye-szimb,out_MoraFerenc_EnekABuzamezokrol-nep,2,undirected
out_GelleriAndorEndre_ANagymosoda,out_KassakLajos_EgySzegenyLelekMegdicsoulese-exp,12,undirected
out_GelleriAndorEndre_ANagymosoda,out_KassakLajos_TragediasFigurak-exp,13,undirected
out_GelleriAndorEndre_ANagymosoda,out_Kodolanyi_SzepZsuzska,5,undirected
out_GelleriAndorEndre_ANagymosoda,out_SzaboDezso_CsodalatosELet-exp,8,undirected
out_GozsduElek_Köd,out_BabitsMihaly_AGolyakalifa-szimb,3,undirected
out_GozsduElek_Köd,out_BalazsBela_MarianneOrszaga-szimb,2,undirected
out_GozsduElek_Köd,out_CsathGeza_AVorosEszti-szimb,5,undirected
out_GozsduElek_Köd,out_CsikyGergely_SisyphusMunkaja,5,undirected
out_GozsduElek_Köd,out_JusthZsigmond_APenzLegendaja,12,undirected
out_GozsduElek_Köd,out_Kosztolányi_Aranysárkány,1,undirected
out_GozsduElek_Köd,out_Kosztolányi_NeroAVéres,6,undirected
out_GozsduElek_Köd,out_PrémJózsef_Félvér,21,undirected
out_GulacsyIren_FeketeVolegeny-exp,out_GárdonyiG_EgriCsillagok,1,undirected
out_GulacsyIren_FeketeVolegeny-exp,out_HerczegFerenc_SzelekSzárnyán,10,undirected
out_GulacsyIren_FeketeVolegeny-exp,out_IllyesGyula_PusztakNepe,3,undirected
out_GulacsyIren_FeketeVolegeny-exp,out_KodolanyiJanos_Vizozon,1,undirected
out_GulacsyIren_FeketeVolegeny-exp,out_KrúdyGy_AVörösPostakocsi-szimb,1,undirected
out_GulacsyIren_FeketeVolegeny-exp,out_KrudyGyula_OsziUtazasokAVoros-szimb,10,undirected
out_GulacsyIren_FeketeVolegeny-exp,out_LovikKaroly_AzAranyPolgar-real,2,undirected
out_GulacsyIren_FeketeVolegeny-exp,out_MáraiS_AGyertyákCsonkig,3,undirected
out_GulacsyIren_FeketeVolegeny-exp,out_PeteleiIstvan_EgyAsszonyert,24,undirected
out_HerczegFerenc_AzÉletKapuja,out_BabitsMihaly_HalalFiai-szimb,1,undirected
out_HerczegFerenc_AzÉletKapuja,out_BartaSandor_EgyugyuZahariasAMegvalto-exp,14,undirected
out_HerczegFerenc_AzÉletKapuja,out_HerczegFerenc_SzelekSzárnyán,1,undirected
out_HerczegFerenc_AzÉletKapuja,out_KrúdyGy_AVörösPostakocsi-szimb,7,undirected
out_HerczegFerenc_AzÉletKapuja,out_KrudyGyula_OsziUtazasokAVoros-szimb,11,undirected
out_HerczegFerenc_AzÉletKapuja,out_SzaboDezso_Feltamadas_makucskan-exp,3,undirected
out_HerczegFerenc_AzÉletKapuja,out_SzaboDezso_Segitseg_exp,2,undirected
out_HerczegFerenc_SzelekSzárnyán,out_BartaSandor_EgyugyuZahariasAMegvalto-exp,11,undirected
out_HerczegFerenc_SzelekSzárnyán,out_GulacsyIren_FeketeVolegeny-exp,10,undirected
out_HerczegFerenc_SzelekSzárnyán,out_HerczegFerenc_AzÉletKapuja,1,undirected
out_HerczegFerenc_SzelekSzárnyán,out_HunyadySandor_TeliSport,1,undirected
out_HerczegFerenc_SzelekSzárnyán,out_IllyesGyula_PusztakNepe,1,undirected
out_HerczegFerenc_SzelekSzárnyán,out_KrúdyGy_AVörösPostakocsi-szimb,3,undirected
out_HerczegFerenc_SzelekSzárnyán,out_KrudyGyula_OsziUtazasokAVoros-szimb,19,undirected
out_HerczegFerenc_SzelekSzárnyán,out_SzaboDezso_Feltamadas_makucskan-exp,10,undirected
out_Hunyadi_Bakaruhában,out_GárdonyiG_ALáthatatlanEmber,5,undirected
out_Hunyadi_Bakaruhában,out_GárdonyiG_EgriCsillagok,9,undirected
out_Hunyadi_Bakaruhában,out_GardonyiGeza_TeBerkenye-szimb,2,undirected
out_Hunyadi_Bakaruhában,out_HunyadySandor_TeliSport,9,undirected
out_Hunyadi_Bakaruhában,out_MandyI_ATrafik,11,undirected
out_Hunyadi_Bakaruhában,out_MóriczZs_Árvácska-real,3,undirected
out_HunyadySandor_TeliSport,out_GárdonyiG_ALáthatatlanEmber,5,undirected
out_HunyadySandor_TeliSport,out_GárdonyiG_EgriCsillagok,9,undirected
out_HunyadySandor_TeliSport,out_HerczegFerenc_SzelekSzárnyán,1,undirected
out_HunyadySandor_TeliSport,out_Hunyadi_Bakaruhában,9,undirected
out_HunyadySandor_TeliSport,out_MandyI_ATrafik,14,undirected
out_IllyesGyula_PusztakNepe,out_GulacsyIren_FeketeVolegeny-exp,3,undirected
out_IllyesGyula_PusztakNepe,out_HerczegFerenc_SzelekSzárnyán,1,undirected
out_IllyesGyula_PusztakNepe,out_KrudyGyula_AHirlapiroEsAHalal-szimb,18,undirected
out_IllyesGyula_PusztakNepe,out_KrudyGyula_OsziUtazasokAVoros-szimb,5,undirected
out_IllyesGyula_PusztakNepe,out_RákosiJ_ALegnagyobbBolond,22,undirected
out_IllyesGyula_PusztakNepe,out_SzomoryDezso_APekne-szimb,2,undirected
out_IvanyiOdon_APuspokAtyafisaga,out_BabitsMihaly_HalalFiai-szimb,3,undirected
out_IvanyiOdon_APuspokAtyafisaga,out_BabitsMihaly_Kartyavar-szimb,14,undirected
out_IvanyiOdon_APuspokAtyafisaga,out_BabitsMihaly_TimarVirgilFia-szimb,6,undirected
out_IvanyiOdon_APuspokAtyafisaga,out_JusthZsigmond_APenzLegendaja,1,undirected
out_IvanyiOdon_APuspokAtyafisaga,out_KaffkaM_Hangyaboly,5,undirected
out_IvanyiOdon_APuspokAtyafisaga,out_KaffkaM_SzínekÉsÉvek-szimb,7,undirected
out_IvanyiOdon_APuspokAtyafisaga,out_KaffkaMargit_SuppedoTalajon-szimb,3,undirected
out_IvanyiOdon_APuspokAtyafisaga,out_RákosiJ_ALegnagyobbBolond,3,undirected
out_IvanyiOdon_APuspokAtyafisaga,out_SzaboDezso_Segitseg_exp,2,undirected
out_JusthZsigmond_APenzLegendaja,out_BabitsMihaly_HalalFiai-szimb,3,undirected
out_JusthZsigmond_APenzLegendaja,out_BabitsMihaly_Kartyavar-szimb,1,undirected
out_JusthZsigmond_APenzLegendaja,out_BalazsBela_MarianneOrszaga-szimb,12,undirected
out_JusthZsigmond_APenzLegendaja,out_CsikyGergely_SisyphusMunkaja,4,undirected
out_JusthZsigmond_APenzLegendaja,out_FüstMilán_FeleségemTörténete,2,undirected
out_JusthZsigmond_APenzLegendaja,out_GozsduElek_Köd,12,undirected
out_JusthZsigmond_APenzLegendaja,out_IvanyiOdon_APuspokAtyafisaga,1,undirected
out_JusthZsigmond_APenzLegendaja,out_Kosztolányi_Aranysárkány,11,undirected
out_JusthZsigmond_APenzLegendaja,out_Kosztolányi_NeroAVéres,3,undirected
out_JusthZsigmond_APenzLegendaja,out_PrémJózsef_Félvér,23,undirected
out_KaffkaM_Hangyaboly,out_BabitsMihaly_HalalFiai-szimb,11,undirected
out_KaffkaM_Hangyaboly,out_BabitsMihaly_TimarVirgilFia-szimb,8,undirected
out_KaffkaM_Hangyaboly,out_CsikyGergely_SisyphusMunkaja,5,undirected
out_KaffkaM_Hangyaboly,out_IvanyiOdon_APuspokAtyafisaga,5,undirected
out_KaffkaM_Hangyaboly,out_KaffkaM_SzínekÉsÉvek-szimb,30,undirected
out_KaffkaM_Hangyaboly,out_KaffkaMargit_SuppedoTalajon-szimb,16,undirected
out_KaffkaM_Hangyaboly,out_SzomoryDezso_AzEletDiadala-szimb,4,undirected
out_KaffkaM_Hangyaboly,out_SzomoryDezső_APárizsiRegény-szimb,9,undirected
out_KaffkaM_Hangyaboly,out_Tomorkeny_ABujdoso,5,undirected
out_KaffkaM_SzínekÉsÉvek-szimb,out_BabitsMihaly_HalalFiai-szimb,6,undirected
out_KaffkaM_SzínekÉsÉvek-szimb,out_BabitsMihaly_TimarVirgilFia-szimb,1,undirected
out_KaffkaM_SzínekÉsÉvek-szimb,out_CsikyGergely_SisyphusMunkaja,1,undirected
out_KaffkaM_SzínekÉsÉvek-szimb,out_IvanyiOdon_APuspokAtyafisaga,7,undirected
out_KaffkaM_SzínekÉsÉvek-szimb,out_KaffkaM_Hangyaboly,30,undirected
out_KaffkaM_SzínekÉsÉvek-szimb,out_KaffkaMargit_SuppedoTalajon-szimb,22,undirected
out_KaffkaM_SzínekÉsÉvek-szimb,out_OttlikGeza_Iskola,1,undirected
out_KaffkaM_SzínekÉsÉvek-szimb,out_SzomoryDezso_AzEletDiadala-szimb,1,undirected
out_KaffkaM_SzínekÉsÉvek-szimb,out_SzomoryDezső_APárizsiRegény-szimb,3,undirected
out_KaffkaMargit_SuppedoTalajon-szimb,out_BabitsMihaly_Kartyavar-szimb,1,undirected
out_KaffkaMargit_SuppedoTalajon-szimb,out_IvanyiOdon_APuspokAtyafisaga,3,undirected
out_KaffkaMargit_SuppedoTalajon-szimb,out_KaffkaM_Hangyaboly,16,undirected
out_KaffkaMargit_SuppedoTalajon-szimb,out_KaffkaM_SzínekÉsÉvek-szimb,22,undirected
out_KaffkaMargit_SuppedoTalajon-szimb,out_KassakLajos_Jatek-exp,2,undirected
out_KassakLajos_EgySzegenyLelekMegdicsoulese-exp,out_GelleriAndorEndre_ANagymosoda,12,undirected
out_KassakLajos_EgySzegenyLelekMegdicsoulese-exp,out_KassakLajos_Jatek-exp,19,undirected
out_KassakLajos_EgySzegenyLelekMegdicsoulese-exp,out_KassakLajos_KhalabreszCsodalatosPupja-exp,15,undirected
out_KassakLajos_EgySzegenyLelekMegdicsoulese-exp,out_KassakLajos_TragediasFigurak-exp,2,undirected
out_KassakLajos_EgySzegenyLelekMegdicsoulese-exp,out_Kodolanyi_SzepZsuzska,13,undirected
out_KassakLajos_EgySzegenyLelekMegdicsoulese-exp,out_SzaboDezso_AzElsodortFalu-exp,7,undirected
out_KassakLajos_EgySzegenyLelekMegdicsoulese-exp,out_SzaboDezso_CsodalatosELet-exp,6,undirected
out_KassakLajos_Jatek-exp,out_KaffkaMargit_SuppedoTalajon-szimb,2,undirected
out_KassakLajos_Jatek-exp,out_KassakLajos_EgySzegenyLelekMegdicsoulese-exp,19,undirected
out_KassakLajos_Jatek-exp,out_KassakLajos_KhalabreszCsodalatosPupja-exp,30,undirected
out_KassakLajos_Jatek-exp,out_SzaboDezso_AzElsodortFalu-exp,7,undirected
out_KassakLajos_KhalabreszCsodalatosPupja-exp,out_KassakLajos_EgySzegenyLelekMegdicsoulese-exp,15,undirected
out_KassakLajos_KhalabreszCsodalatosPupja-exp,out_KassakLajos_Jatek-exp,30,undirected
out_KassakLajos_KhalabreszCsodalatosPupja-exp,out_Kodolanyi_SzepZsuzska,1,undirected
out_KassakLajos_KhalabreszCsodalatosPupja-exp,out_SzaboDezso_AzElsodortFalu-exp,8,undirected
out_KassakLajos_TragediasFigurak-exp,out_DeryTibor_KethanguKialtas-exp,13,undirected
out_KassakLajos_TragediasFigurak-exp,out_GardonyiGeza_TeBerkenye-szimb,9,undirected
out_KassakLajos_TragediasFigurak-exp,out_GelleriAndorEndre_ANagymosoda,13,undirected
out_KassakLajos_TragediasFigurak-exp,out_KassakLajos_EgySzegenyLelekMegdicsoulese-exp,2,undirected
out_KassakLajos_TragediasFigurak-exp,out_Kodolanyi_Borton,16,undirected
out_KassakLajos_TragediasFigurak-exp,out_SzaboDezso_CsodalatosELet-exp,1,undirected
out_Kodolanyi_Borton,out_KassakLajos_TragediasFigurak-exp,16,undirected
out_Kodolanyi_Borton,out_Kodolanyi_SzepZsuzska,27,undirected
out_Kodolanyi_Borton,out_KodolanyiJanos_Vizozon,7,undirected
out_Kodolanyi_Borton,out_Kosztolányi_Aranysárkány,1,undirected
out_Kodolanyi_Borton,out_KrudyGyula_OsziVersenyek-szimb,1,undirected
out_Kodolanyi_Borton,out_SzaboDezso_CsodalatosELet-exp,1,undirected
out_Kodolanyi_SzepZsuzska,out_GelleriAndorEndre_ANagymosoda,5,undirected
out_Kodolanyi_SzepZsuzska,out_KassakLajos_EgySzegenyLelekMegdicsoulese-exp,13,undirected
out_Kodolanyi_SzepZsuzska,out_KassakLajos_KhalabreszCsodalatosPupja-exp,1,undirected
out_Kodolanyi_SzepZsuzska,out_Kodolanyi_Borton,27,undirected
out_Kodolanyi_SzepZsuzska,out_KodolanyiJanos_Vizozon,1,undirected
out_Kodolanyi_SzepZsuzska,out_SzaboDezso_CsodalatosELet-exp,3,undirected
out_KodolanyiJanos_Vizozon,out_GulacsyIren_FeketeVolegeny-exp,1,undirected
out_KodolanyiJanos_Vizozon,out_Kodolanyi_Borton,7,undirected
out_KodolanyiJanos_Vizozon,out_Kodolanyi_SzepZsuzska,1,undirected
out_KodolanyiJanos_Vizozon,out_KrúdyGy_AVörösPostakocsi-szimb,1,undirected
out_KodolanyiJanos_Vizozon,out_KrudyGyula_AHirlapiroEsAHalal-szimb,3,undirected
out_KodolanyiJanos_Vizozon,out_KrudyGyula_OsziUtazasokAVoros-szimb,3,undirected
out_KodolanyiJanos_Vizozon,out_KrudyGyula_OsziVersenyek-szimb,1,undirected
out_KodolanyiJanos_Vizozon,out_PeteleiIstvan_EgyAsszonyert,19,undirected
out_KodolanyiJanos_Vizozon,out_RákosiJ_ALegnagyobbBolond,1,undirected
out_KodolanyiJanos_Vizozon,out_SzaboDezso_Segitseg_exp,8,undirected
out_Kosztolányi_Aranysárkány,out_GozsduElek_Köd,1,undirected
out_Kosztolányi_Aranysárkány,out_JusthZsigmond_APenzLegendaja,11,undirected
out_Kosztolányi_Aranysárkány,out_Kodolanyi_Borton,1,undirected
out_Kosztolányi_Aranysárkány,out_Kosztolányi_ÉdesAnna,15,undirected
out_Kosztolányi_Aranysárkány,out_Kosztolányi_NeroAVéres,30,undirected
out_Kosztolányi_Aranysárkány,out_LovikKaroly_AzAranyPolgar-real,6,undirected
out_Kosztolányi_Aranysárkány,out_MoriczZsigmond_Tunderkert-real,9,undirected
out_Kosztolányi_Aranysárkány,out_RákosiJ_ALegnagyobbBolond,5,undirected
out_Kosztolányi_ÉdesAnna,out_BrodySandor_Hófehérke,20,undirected
out_Kosztolányi_ÉdesAnna,out_DeryTibor_KethanguKialtas-exp,2,undirected
out_Kosztolányi_ÉdesAnna,out_Kosztolányi_Aranysárkány,15,undirected
out_Kosztolányi_ÉdesAnna,out_Kosztolányi_NeroAVéres,2,undirected
out_Kosztolányi_ÉdesAnna,out_LovikKaroly_AzAranyPolgar-real,2,undirected
out_Kosztolányi_ÉdesAnna,out_MoraFerenc_EnekABuzamezokrol-nep,4,undirected
out_Kosztolányi_ÉdesAnna,out_MóriczZs_Árvácska-real,5,undirected
out_Kosztolányi_ÉdesAnna,out_MoriczZsigmond_Pillango-real,7,undirected
out_Kosztolányi_NeroAVéres,out_CsikyGergely_SisyphusMunkaja,2,undirected
out_Kosztolányi_NeroAVéres,out_GozsduElek_Köd,6,undirected
out_Kosztolányi_NeroAVéres,out_JusthZsigmond_APenzLegendaja,3,undirected
out_Kosztolányi_NeroAVéres,out_Kosztolányi_Aranysárkány,30,undirected
out_Kosztolányi_NeroAVéres,out_Kosztolányi_ÉdesAnna,2,undirected
out_Kosztolányi_NeroAVéres,out_MáraiS_AGyertyákCsonkig,1,undirected
out_Kosztolányi_NeroAVéres,out_MoriczZsigmond_Tunderkert-real,16,undirected
out_KrúdyGy_AVörösPostakocsi-szimb,out_BartaSandor_EgyugyuZahariasAMegvalto-exp,4,undirected
out_KrúdyGy_AVörösPostakocsi-szimb,out_GulacsyIren_FeketeVolegeny-exp,1,undirected
out_KrúdyGy_AVörösPostakocsi-szimb,out_HerczegFerenc_AzÉletKapuja,7,undirected
out_KrúdyGy_AVörösPostakocsi-szimb,out_HerczegFerenc_SzelekSzárnyán,3,undirected
out_KrúdyGy_AVörösPostakocsi-szimb,out_KodolanyiJanos_Vizozon,1,undirected
out_KrúdyGy_AVörösPostakocsi-szimb,out_KrudyGyula_AHirlapiroEsAHalal-szimb,1,undirected
out_KrúdyGy_AVörösPostakocsi-szimb,out_KrudyGyula_OsziUtazasokAVoros-szimb,30,undirected
out_KrúdyGy_AVörösPostakocsi-szimb,out_KrudyGyula_OsziVersenyek-szimb,10,undirected
out_KrúdyGy_AVörösPostakocsi-szimb,out_PeteleiIstvan_EgyAsszonyert,7,undirected
out_KrúdyGy_AVörösPostakocsi-szimb,out_SzaboDezso_AzElsodortFalu-exp,5,undirected
out_KrúdyGy_AVörösPostakocsi-szimb,out_SzaboDezso_CsodalatosELet-exp,2,undirected
out_KrúdyGy_AVörösPostakocsi-szimb,out_SzaboDezso_Feltamadas_makucskan-exp,2,undirected
out_KrúdyGy_AVörösPostakocsi-szimb,out_SzaboDezso_Segitseg_exp,11,undirected
out_KrudyGyula_AHirlapiroEsAHalal-szimb,out_IllyesGyula_PusztakNepe,18,undirected
out_KrudyGyula_AHirlapiroEsAHalal-szimb,out_KodolanyiJanos_Vizozon,3,undirected
out_KrudyGyula_AHirlapiroEsAHalal-szimb,out_KrúdyGy_AVörösPostakocsi-szimb,1,undirected
out_KrudyGyula_AHirlapiroEsAHalal-szimb,out_KrudyGyula_OsziUtazasokAVoros-szimb,5,undirected
out_KrudyGyula_AHirlapiroEsAHalal-szimb,out_KrudyGyula_OsziVersenyek-szimb,2,undirected
out_KrudyGyula_AHirlapiroEsAHalal-szimb,out_RákosiJ_ALegnagyobbBolond,11,undirected
out_KrudyGyula_OsziUtazasokAVoros-szimb,out_BartaSandor_EgyugyuZahariasAMegvalto-exp,12,undirected
out_KrudyGyula_OsziUtazasokAVoros-szimb,out_GulacsyIren_FeketeVolegeny-exp,10,undirected
out_KrudyGyula_OsziUtazasokAVoros-szimb,out_HerczegFerenc_AzÉletKapuja,11,undirected
out_KrudyGyula_OsziUtazasokAVoros-szimb,out_HerczegFerenc_SzelekSzárnyán,19,undirected
out_KrudyGyula_OsziUtazasokAVoros-szimb,out_IllyesGyula_PusztakNepe,5,undirected
out_KrudyGyula_OsziUtazasokAVoros-szimb,out_KodolanyiJanos_Vizozon,3,undirected
out_KrudyGyula_OsziUtazasokAVoros-szimb,out_KrúdyGy_AVörösPostakocsi-szimb,30,undirected
out_KrudyGyula_OsziUtazasokAVoros-szimb,out_KrudyGyula_AHirlapiroEsAHalal-szimb,5,undirected
out_KrudyGyula_OsziUtazasokAVoros-szimb,out_KrudyGyula_OsziVersenyek-szimb,17,undirected
out_KrudyGyula_OsziUtazasokAVoros-szimb,out_PeteleiIstvan_EgyAsszonyert,9,undirected
out_KrudyGyula_OsziUtazasokAVoros-szimb,out_SzaboDezso_AzElsodortFalu-exp,1,undirected
out_KrudyGyula_OsziUtazasokAVoros-szimb,out_SzaboDezso_CsodalatosELet-exp,10,undirected
out_KrudyGyula_OsziUtazasokAVoros-szimb,out_SzaboDezso_Feltamadas_makucskan-exp,10,undirected
out_KrudyGyula_OsziUtazasokAVoros-szimb,out_SzaboDezso_Segitseg_exp,11,undirected
out_KrudyGyula_OsziVersenyek-szimb,out_Kodolanyi_Borton,1,undirected
out_KrudyGyula_OsziVersenyek-szimb,out_KodolanyiJanos_Vizozon,1,undirected
out_KrudyGyula_OsziVersenyek-szimb,out_KrúdyGy_AVörösPostakocsi-szimb,10,undirected
out_KrudyGyula_OsziVersenyek-szimb,out_KrudyGyula_AHirlapiroEsAHalal-szimb,2,undirected
out_KrudyGyula_OsziVersenyek-szimb,out_KrudyGyula_OsziUtazasokAVoros-szimb,17,undirected
out_KrudyGyula_OsziVersenyek-szimb,out_MáraiS_AGyertyákCsonkig,2,undirected
out_KrudyGyula_OsziVersenyek-szimb,out_SzaboDezso_CsodalatosELet-exp,2,undirected
out_KrudyGyula_OsziVersenyek-szimb,out_SzaboDezso_Feltamadas_makucskan-exp,1,undirected
out_KrudyGyula_OsziVersenyek-szimb,out_SzaboDezso_Segitseg_exp,5,undirected
out_LovikKaroly_AzAranyPolgar-real,out_GárdonyiG_ALáthatatlanEmber,1,undirected
out_LovikKaroly_AzAranyPolgar-real,out_GulacsyIren_FeketeVolegeny-exp,2,undirected
out_LovikKaroly_AzAranyPolgar-real,out_Kosztolányi_Aranysárkány,6,undirected
out_LovikKaroly_AzAranyPolgar-real,out_Kosztolányi_ÉdesAnna,2,undirected
out_LovikKaroly_AzAranyPolgar-real,out_MáraiS_AGyertyákCsonkig,3,undirected
out_LovikKaroly_AzAranyPolgar-real,out_MoraFerenc_EnekABuzamezokrol-nep,8,undirected
out_LovikKaroly_AzAranyPolgar-real,out_NemethLaszlo_EgetoEszter,4,undirected
out_LovikKaroly_AzAranyPolgar-real,out_NémethLászló_Iszony,4,undirected
out_LovikKaroly_AzAranyPolgar-real,out_RákosiJ_ALegnagyobbBolond,3,undirected
out_MaloyaiDezso_AzUtolso-szimb,out_BabitsMihaly_AGolyakalifa-szimb,6,undirected
out_MaloyaiDezso_AzUtolso-szimb,out_DeryTibor_KethanguKialtas-exp,3,undirected
out_MaloyaiDezso_AzUtolso-szimb,out_FüstMilán_FeleségemTörténete,17,undirected
out_MaloyaiDezso_AzUtolso-szimb,out_MóriczZs_Árvácska-real,9,undirected
out_MaloyaiDezso_AzUtolso-szimb,out_MóriczZs_LégyJóMindhalalig-real,18,undirected
out_MaloyaiDezso_AzUtolso-szimb,out_MoriczZsigmond_Pillango-real,5,undirected
out_MaloyaiDezso_AzUtolso-szimb,out_NémethLászló_Iszony,2,undirected
out_MaloyaiDezso_AzUtolso-szimb,out_OttlikGeza_Iskola,3,undirected
out_MaloyaiDezso_AzUtolso-szimb,out_SántaF_HuszOra,2,undirected
out_MaloyaiDezso_AzUtolso-szimb,out_TorokGyula_APorban-real,2,undirected
out_MandyI_ALocsolokocsi,out_BalazsBela_MarianneOrszaga-szimb,1,undirected
out_MandyI_ALocsolokocsi,out_CsathGeza_AVorosEszti-szimb,5,undirected
out_MandyI_ALocsolokocsi,out_MandyI_APalyaSzelen,30,undirected
out_MandyI_ALocsolokocsi,out_MóriczZs_LégyJóMindhalalig-real,5,undirected
out_MandyI_ALocsolokocsi,out_MoriczZsigmond_Pillango-real,11,undirected
out_MandyI_ALocsolokocsi,out_MoriczZsigmond_UriMuri-real,9,undirected
out_MandyI_ALocsolokocsi,out_SántaF_AzÖtödikPecset,2,undirected
out_MandyI_APalyaSzelen,out_CsathGeza_AVorosEszti-szimb,3,undirected
out_MandyI_APalyaSzelen,out_MandyI_ALocsolokocsi,30,undirected
out_MandyI_APalyaSzelen,out_MandyI_ATrafik,7,undirected
out_MandyI_APalyaSzelen,out_MóriczZs_Árvácska-real,8,undirected
out_MandyI_APalyaSzelen,out_MoriczZsigmond_Pillango-real,1,undirected
out_MandyI_APalyaSzelen,out_MoriczZsigmond_UriMuri-real,19,undirected
out_MandyI_APalyaSzelen,out_SántaF_AzÖtödikPecset,6,undirected
out_MandyI_ATrafik,out_GárdonyiG_ALáthatatlanEmber,6,undirected
out_MandyI_ATrafik,out_GárdonyiG_EgriCsillagok,5,undirected
out_MandyI_ATrafik,out_GardonyiGeza_TeBerkenye-szimb,7,undirected
out_MandyI_ATrafik,out_Hunyadi_Bakaruhában,11,undirected
out_MandyI_ATrafik,out_HunyadySandor_TeliSport,14,undirected
out_MandyI_ATrafik,out_MandyI_APalyaSzelen,7,undirected
out_MandyI_ATrafik,out_MóriczZs_Árvácska-real,8,undirected
out_MáraiS_AGyertyákCsonkig,out_BartaSandor_EgyugyuZahariasAMegvalto-exp,3,undirected
out_MáraiS_AGyertyákCsonkig,out_GulacsyIren_FeketeVolegeny-exp,3,undirected
out_MáraiS_AGyertyákCsonkig,out_Kosztolányi_NeroAVéres,1,undirected
out_MáraiS_AGyertyákCsonkig,out_KrudyGyula_OsziVersenyek-szimb,2,undirected
out_MáraiS_AGyertyákCsonkig,out_LovikKaroly_AzAranyPolgar-real,3,undirected
out_MáraiS_AGyertyákCsonkig,out_MoriczZsigmond_Tunderkert-real,9,undirected
out_MáraiS_AGyertyákCsonkig,out_PeteleiIstvan_EgyAsszonyert,6,undirected
out_MáraiS_AGyertyákCsonkig,out_SzaboDezso_Feltamadas_makucskan-exp,4,undirected
out_MoraFerenc_EnekABuzamezokrol-nep,out_DeryTibor_KethanguKialtas-exp,8,undirected
out_MoraFerenc_EnekABuzamezokrol-nep,out_GardonyiGeza_TeBerkenye-szimb,2,undirected
out_MoraFerenc_EnekABuzamezokrol-nep,out_Kosztolányi_ÉdesAnna,4,undirected
out_MoraFerenc_EnekABuzamezokrol-nep,out_LovikKaroly_AzAranyPolgar-real,8,undirected
out_MoraFerenc_EnekABuzamezokrol-nep,out_MóriczZs_Árvácska-real,17,undirected
out_MoraFerenc_EnekABuzamezokrol-nep,out_MoriczZsigmond_Pillango-real,1,undirected
out_MoraFerenc_EnekABuzamezokrol-nep,out_NemethLaszlo_EgetoEszter,9,undirected
out_MoraFerenc_EnekABuzamezokrol-nep,out_NémethLászló_Iszony,4,undirected
out_MoraFerenc_EnekABuzamezokrol-nep,out_SántaF_HuszOra,12,undirected
out_MóriczZs_Árvácska-real,out_BrodySandor_Hófehérke,8,undirected
out_MóriczZs_Árvácska-real,out_BrodySandor_Rembrandt,2,undirected
out_MóriczZs_Árvácska-real,out_DeryTibor_KethanguKialtas-exp,3,undirected
out_MóriczZs_Árvácska-real,out_Hunyadi_Bakaruhában,3,undirected
out_MóriczZs_Árvácska-real,out_Kosztolányi_ÉdesAnna,5,undirected
out_MóriczZs_Árvácska-real,out_MaloyaiDezso_AzUtolso-szimb,9,undirected
out_MóriczZs_Árvácska-real,out_MandyI_APalyaSzelen,8,undirected
out_MóriczZs_Árvácska-real,out_MandyI_ATrafik,8,undirected
out_MóriczZs_Árvácska-real,out_MoraFerenc_EnekABuzamezokrol-nep,17,undirected
out_MóriczZs_Árvácska-real,out_MóriczZs_LégyJóMindhalalig-real,2,undirected
out_MóriczZs_Árvácska-real,out_MoriczZsigmond_Pillango-real,24,undirected
out_MóriczZs_Árvácska-real,out_SántaF_HuszOra,1,undirected
out_MóriczZs_Árvácska-real,out_TorokGyula_APorban-real,7,undirected
out_MóriczZs_LégyJóMindhalalig-real,out_AmbrusZoltan_MidasKiraly-szec,6,undirected
out_MóriczZs_LégyJóMindhalalig-real,out_BalazsBela_MarianneOrszaga-szimb,9,undirected
out_MóriczZs_LégyJóMindhalalig-real,out_FüstMilán_FeleségemTörténete,27,undirected
out_MóriczZs_LégyJóMindhalalig-real,out_MaloyaiDezso_AzUtolso-szimb,18,undirected
out_MóriczZs_LégyJóMindhalalig-real,out_MandyI_ALocsolokocsi,5,undirected
out_MóriczZs_LégyJóMindhalalig-real,out_MóriczZs_Árvácska-real,2,undirected
out_MóriczZs_LégyJóMindhalalig-real,out_MoriczZsigmond_Pillango-real,23,undirected
out_MóriczZs_LégyJóMindhalalig-real,out_MoriczZsigmond_UriMuri-real,5,undirected
out_MóriczZs_LégyJóMindhalalig-real,out_OttlikGeza_Iskola,1,undirected
out_MoriczZsigmond_Pillango-real,out_BalazsBela_MarianneOrszaga-szimb,7,undirected
out_MoriczZsigmond_Pillango-real,out_BrodySandor_Hófehérke,6,undirected
out_MoriczZsigmond_Pillango-real,out_Kosztolányi_ÉdesAnna,7,undirected
out_MoriczZsigmond_Pillango-real,out_MaloyaiDezso_AzUtolso-szimb,5,undirected
out_MoriczZsigmond_Pillango-real,out_MandyI_ALocsolokocsi,11,undirected
out_MoriczZsigmond_Pillango-real,out_MandyI_APalyaSzelen,1,undirected
out_MoriczZsigmond_Pillango-real,out_MoraFerenc_EnekABuzamezokrol-nep,1,undirected
out_MoriczZsigmond_Pillango-real,out_MóriczZs_Árvácska-real,24,undirected
out_MoriczZsigmond_Pillango-real,out_MóriczZs_LégyJóMindhalalig-real,23,undirected
out_MoriczZsigmond_Pillango-real,out_OttlikGeza_Iskola,12,undirected
out_MoriczZsigmond_Tunderkert-real,out_Kosztolányi_Aranysárkány,9,undirected
out_MoriczZsigmond_Tunderkert-real,out_Kosztolányi_NeroAVéres,16,undirected
out_MoriczZsigmond_Tunderkert-real,out_MáraiS_AGyertyákCsonkig,9,undirected
out_MoriczZsigmond_Tunderkert-real,out_MoriczZsigmond_UriMuri-real,3,undirected
out_MoriczZsigmond_Tunderkert-real,out_PeteleiIstvan_EgyAsszonyert,6,undirected
out_MoriczZsigmond_Tunderkert-real,out_RákosiJ_ALegnagyobbBolond,3,undirected
out_MoriczZsigmond_UriMuri-real,out_MandyI_ALocsolokocsi,9,undirected
out_MoriczZsigmond_UriMuri-real,out_MandyI_APalyaSzelen,19,undirected
out_MoriczZsigmond_UriMuri-real,out_MóriczZs_LégyJóMindhalalig-real,5,undirected
out_MoriczZsigmond_UriMuri-real,out_MoriczZsigmond_Tunderkert-real,3,undirected
out_MoriczZsigmond_UriMuri-real,out_NémethLászló_Iszony,1,undirected
out_MoriczZsigmond_UriMuri-real,out_SántaF_AzÖtödikPecset,15,undirected
out_MoriczZsigmond_UriMuri-real,out_SántaF_HuszOra,5,undirected
out_NemethLaszlo_EgetoEszter,out_FüstMilán_FeleségemTörténete,1,undirected
out_NemethLaszlo_EgetoEszter,out_LovikKaroly_AzAranyPolgar-real,4,undirected
out_NemethLaszlo_EgetoEszter,out_MoraFerenc_EnekABuzamezokrol-nep,9,undirected
out_NemethLaszlo_EgetoEszter,out_NémethLászló_Iszony,30,undirected
out_NemethLaszlo_EgetoEszter,out_SántaF_HuszOra,8,undirected
out_NémethLászló_Iszony,out_DeryTibor_KethanguKialtas-exp,1,undirected
out_NémethLászló_Iszony,out_FüstMilán_FeleségemTörténete,3,undirected
out_NémethLászló_Iszony,out_LovikKaroly_AzAranyPolgar-real,4,undirected
out_NémethLászló_Iszony,out_MaloyaiDezso_AzUtolso-szimb,2,undirected
out_NémethLászló_Iszony,out_MoraFerenc_EnekABuzamezokrol-nep,4,undirected
out_NémethLászló_Iszony,out_MoriczZsigmond_UriMuri-real,1,undirected
out_NémethLászló_Iszony,out_NemethLaszlo_EgetoEszter,30,undirected
out_NémethLászló_Iszony,out_SántaF_HuszOra,18,undirected
out_OttlikGeza_Iskola,out_AmbrusZoltan_MidasKiraly-szec,3,undirected
out_OttlikGeza_Iskola,out_BrodySandor_Hófehérke,2,undirected
out_OttlikGeza_Iskola,out_BrodySandor_Rembrandt,3,undirected
out_OttlikGeza_Iskola,out_CsathGeza_AVorosEszti-szimb,1,undirected
out_OttlikGeza_Iskola,out_FüstMilán_FeleségemTörténete,5,undirected
out_OttlikGeza_Iskola,out_KaffkaM_SzínekÉsÉvek-szimb,1,undirected
out_OttlikGeza_Iskola,out_MaloyaiDezso_AzUtolso-szimb,3,undirected
out_OttlikGeza_Iskola,out_MóriczZs_LégyJóMindhalalig-real,1,undirected
out_OttlikGeza_Iskola,out_MoriczZsigmond_Pillango-real,12,undirected
out_OttlikGeza_Iskola,out_PrémJózsef_Félvér,6,undirected
out_OttlikGeza_Iskola,out_TorokGyula_Ikrek,5,undirected
out_PeteleiIstvan_EgyAsszonyert,out_GulacsyIren_FeketeVolegeny-exp,24,undirected
out_PeteleiIstvan_EgyAsszonyert,out_KodolanyiJanos_Vizozon,19,undirected
out_PeteleiIstvan_EgyAsszonyert,out_KrúdyGy_AVörösPostakocsi-szimb,7,undirected
out_PeteleiIstvan_EgyAsszonyert,out_KrudyGyula_OsziUtazasokAVoros-szimb,9,undirected
out_PeteleiIstvan_EgyAsszonyert,out_MáraiS_AGyertyákCsonkig,6,undirected
out_PeteleiIstvan_EgyAsszonyert,out_MoriczZsigmond_Tunderkert-real,6,undirected
out_PrémJózsef_Félvér,out_BabitsMihaly_HalalFiai-szimb,1,undirected
out_PrémJózsef_Félvér,out_BabitsMihaly_TimarVirgilFia-szimb,1,undirected
out_PrémJózsef_Félvér,out_CsathGeza_AVorosEszti-szimb,3,undirected
out_PrémJózsef_Félvér,out_CsikyGergely_SisyphusMunkaja,21,undirected
out_PrémJózsef_Félvér,out_GozsduElek_Köd,21,undirected
out_PrémJózsef_Félvér,out_JusthZsigmond_APenzLegendaja,23,undirected
out_PrémJózsef_Félvér,out_OttlikGeza_Iskola,6,undirected
out_PrémJózsef_Félvér,out_Tomorkeny_ABujdoso,10,undirected
out_RákosiJ_ALegnagyobbBolond,out_BabitsMihaly_Kartyavar-szimb,5,undirected
out_RákosiJ_ALegnagyobbBolond,out_CsikyGergely_SisyphusMunkaja,13,undirected
out_RákosiJ_ALegnagyobbBolond,out_IllyesGyula_PusztakNepe,22,undirected
out_RákosiJ_ALegnagyobbBolond,out_IvanyiOdon_APuspokAtyafisaga,3,undirected
out_RákosiJ_ALegnagyobbBolond,out_KodolanyiJanos_Vizozon,1,undirected
out_RákosiJ_ALegnagyobbBolond,out_Kosztolányi_Aranysárkány,5,undirected
out_RákosiJ_ALegnagyobbBolond,out_KrudyGyula_AHirlapiroEsAHalal-szimb,11,undirected
out_RákosiJ_ALegnagyobbBolond,out_LovikKaroly_AzAranyPolgar-real,3,undirected
out_RákosiJ_ALegnagyobbBolond,out_MoriczZsigmond_Tunderkert-real,3,undirected
out_SántaF_AzÖtödikPecset,out_MandyI_ALocsolokocsi,2,undirected
out_SántaF_AzÖtödikPecset,out_MandyI_APalyaSzelen,6,undirected
out_SántaF_AzÖtödikPecset,out_MoriczZsigmond_UriMuri-real,15,undirected
out_SántaF_AzÖtödikPecset,out_SántaF_HuszOra,30,undirected
out_SántaF_HuszOra,out_MaloyaiDezso_AzUtolso-szimb,2,undirected
out_SántaF_HuszOra,out_MoraFerenc_EnekABuzamezokrol-nep,12,undirected
out_SántaF_HuszOra,out_MóriczZs_Árvácska-real,1,undirected
out_SántaF_HuszOra,out_MoriczZsigmond_UriMuri-real,5,undirected
out_SántaF_HuszOra,out_NemethLaszlo_EgetoEszter,8,undirected
out_SántaF_HuszOra,out_NémethLászló_Iszony,18,undirected
out_SántaF_HuszOra,out_SántaF_AzÖtödikPecset,30,undirected
out_SzaboDezso_AzElsodortFalu-exp,out_BabitsMihaly_Kartyavar-szimb,5,undirected
out_SzaboDezso_AzElsodortFalu-exp,out_KassakLajos_EgySzegenyLelekMegdicsoulese-exp,7,undirected
out_SzaboDezso_AzElsodortFalu-exp,out_KassakLajos_Jatek-exp,7,undirected
out_SzaboDezso_AzElsodortFalu-exp,out_KassakLajos_KhalabreszCsodalatosPupja-exp,8,undirected
out_SzaboDezso_AzElsodortFalu-exp,out_KrúdyGy_AVörösPostakocsi-szimb,5,undirected
out_SzaboDezso_AzElsodortFalu-exp,out_KrudyGyula_OsziUtazasokAVoros-szimb,1,undirected
out_SzaboDezso_AzElsodortFalu-exp,out_SzaboDezso_CsodalatosELet-exp,5,undirected
out_SzaboDezso_AzElsodortFalu-exp,out_SzaboDezso_Feltamadas_makucskan-exp,1,undirected
out_SzaboDezso_AzElsodortFalu-exp,out_SzaboDezso_Segitseg_exp,30,undirected
out_SzaboDezso_AzElsodortFalu-exp,out_SzomoryDezso_UnnepADuhongon-szimb,5,undirected
out_SzaboDezso_CsodalatosELet-exp,out_GelleriAndorEndre_ANagymosoda,8,undirected
out_SzaboDezso_CsodalatosELet-exp,out_KassakLajos_EgySzegenyLelekMegdicsoulese-exp,6,undirected
out_SzaboDezso_CsodalatosELet-exp,out_KassakLajos_TragediasFigurak-exp,1,undirected
out_SzaboDezso_CsodalatosELet-exp,out_Kodolanyi_Borton,1,undirected
out_SzaboDezso_CsodalatosELet-exp,out_Kodolanyi_SzepZsuzska,3,undirected
out_SzaboDezso_CsodalatosELet-exp,out_KrúdyGy_AVörösPostakocsi-szimb,2,undirected
out_SzaboDezso_CsodalatosELet-exp,out_KrudyGyula_OsziUtazasokAVoros-szimb,10,undirected
out_SzaboDezso_CsodalatosELet-exp,out_KrudyGyula_OsziVersenyek-szimb,2,undirected
out_SzaboDezso_CsodalatosELet-exp,out_SzaboDezso_AzElsodortFalu-exp,5,undirected
out_SzaboDezso_CsodalatosELet-exp,out_SzaboDezso_Segitseg_exp,16,undirected
out_SzaboDezso_Feltamadas_makucskan-exp,out_BartaSandor_EgyugyuZahariasAMegvalto-exp,1,undirected
out_SzaboDezso_Feltamadas_makucskan-exp,out_HerczegFerenc_AzÉletKapuja,3,undirected
out_SzaboDezso_Feltamadas_makucskan-exp,out_HerczegFerenc_SzelekSzárnyán,10,undirected
out_SzaboDezso_Feltamadas_makucskan-exp,out_KrúdyGy_AVörösPostakocsi-szimb,2,undirected
out_SzaboDezso_Feltamadas_makucskan-exp,out_KrudyGyula_OsziUtazasokAVoros-szimb,10,undirected
out_SzaboDezso_Feltamadas_makucskan-exp,out_KrudyGyula_OsziVersenyek-szimb,1,undirected
out_SzaboDezso_Feltamadas_makucskan-exp,out_MáraiS_AGyertyákCsonkig,4,undirected
out_SzaboDezso_Feltamadas_makucskan-exp,out_SzaboDezso_AzElsodortFalu-exp,1,undirected
out_SzaboDezso_Feltamadas_makucskan-exp,out_SzaboDezso_Segitseg_exp,21,undirected
out_SzaboDezso_Feltamadas_makucskan-exp,out_SzomoryDezso_APekne-szimb,1,undirected
out_SzaboDezso_Feltamadas_makucskan-exp,out_SzomoryDezso_UnnepADuhongon-szimb,7,undirected
out_SzaboDezso_Segitseg_exp,out_HerczegFerenc_AzÉletKapuja,2,undirected
out_SzaboDezso_Segitseg_exp,out_IvanyiOdon_APuspokAtyafisaga,2,undirected
out_SzaboDezso_Segitseg_exp,out_KodolanyiJanos_Vizozon,8,undirected
out_SzaboDezso_Segitseg_exp,out_KrúdyGy_AVörösPostakocsi-szimb,11,undirected
out_SzaboDezso_Segitseg_exp,out_KrudyGyula_OsziUtazasokAVoros-szimb,11,undirected
out_SzaboDezso_Segitseg_exp,out_KrudyGyula_OsziVersenyek-szimb,5,undirected
out_SzaboDezso_Segitseg_exp,out_SzaboDezso_AzElsodortFalu-exp,30,undirected
out_SzaboDezso_Segitseg_exp,out_SzaboDezso_CsodalatosELet-exp,16,undirected
out_SzaboDezso_Segitseg_exp,out_SzaboDezso_Feltamadas_makucskan-exp,21,undirected
out_SzaboDezso_Segitseg_exp,out_SzomoryDezso_UnnepADuhongon-szimb,1,undirected
out_SzomoryDezso_APekne-szimb,out_IllyesGyula_PusztakNepe,2,undirected
out_SzomoryDezso_APekne-szimb,out_SzaboDezso_Feltamadas_makucskan-exp,1,undirected
out_SzomoryDezso_APekne-szimb,out_SzomoryDezso_AzEletDiadala-szimb,25,undirected
out_SzomoryDezso_APekne-szimb,out_SzomoryDezso_UnnepADuhongon-szimb,30,undirected
out_SzomoryDezso_APekne-szimb,out_SzomoryDezső_APárizsiRegény-szimb,9,undirected
out_SzomoryDezso_AzEletDiadala-szimb,out_BabitsMihaly_HalalFiai-szimb,2,undirected
out_SzomoryDezso_AzEletDiadala-szimb,out_KaffkaM_Hangyaboly,4,undirected
out_SzomoryDezso_AzEletDiadala-szimb,out_KaffkaM_SzínekÉsÉvek-szimb,1,undirected
out_SzomoryDezso_AzEletDiadala-szimb,out_SzomoryDezso_APekne-szimb,25,undirected
out_SzomoryDezso_AzEletDiadala-szimb,out_SzomoryDezso_UnnepADuhongon-szimb,3,undirected
out_SzomoryDezso_AzEletDiadala-szimb,out_SzomoryDezső_APárizsiRegény-szimb,19,undirected
out_SzomoryDezso_UnnepADuhongon-szimb,out_SzaboDezso_AzElsodortFalu-exp,5,undirected
out_SzomoryDezso_UnnepADuhongon-szimb,out_SzaboDezso_Feltamadas_makucskan-exp,7,undirected
out_SzomoryDezso_UnnepADuhongon-szimb,out_SzaboDezso_Segitseg_exp,1,undirected
out_SzomoryDezso_UnnepADuhongon-szimb,out_SzomoryDezso_APekne-szimb,30,undirected
out_SzomoryDezso_UnnepADuhongon-szimb,out_SzomoryDezso_AzEletDiadala-szimb,3,undirected
out_SzomoryDezső_APárizsiRegény-szimb,out_AmbrusZoltan_MidasKiraly-szec,1,undirected
out_SzomoryDezső_APárizsiRegény-szimb,out_FüstMilán_FeleségemTörténete,2,undirected
out_SzomoryDezső_APárizsiRegény-szimb,out_KaffkaM_Hangyaboly,9,undirected
out_SzomoryDezső_APárizsiRegény-szimb,out_KaffkaM_SzínekÉsÉvek-szimb,3,undirected
out_SzomoryDezső_APárizsiRegény-szimb,out_SzomoryDezso_APekne-szimb,9,undirected
out_SzomoryDezső_APárizsiRegény-szimb,out_SzomoryDezso_AzEletDiadala-szimb,19,undirected
out_Tomorkeny_ABujdoso,out_AmbrusZoltan_MidasKiraly-szec,3,undirected
out_Tomorkeny_ABujdoso,out_BrodySandor_Rembrandt,8,undirected
out_Tomorkeny_ABujdoso,out_CsikyGergely_SisyphusMunkaja,2,undirected
out_Tomorkeny_ABujdoso,out_KaffkaM_Hangyaboly,5,undirected
out_Tomorkeny_ABujdoso,out_PrémJózsef_Félvér,10,undirected
out_Tomorkeny_ABujdoso,out_TorokGyula_APorban-real,2,undirected
out_TorokGyula_APorban-real,out_AmbrusZoltan_MidasKiraly-szec,2,undirected
out_TorokGyula_APorban-real,out_BabitsMihaly_AGolyakalifa-szimb,11,undirected
out_TorokGyula_APorban-real,out_BrodySandor_Rembrandt,17,undirected
out_TorokGyula_APorban-real,out_CsathGeza_AVorosEszti-szimb,6,undirected
out_TorokGyula_APorban-real,out_MaloyaiDezso_AzUtolso-szimb,2,undirected
out_TorokGyula_APorban-real,out_MóriczZs_Árvácska-real,7,undirected
out_TorokGyula_APorban-real,out_Tomorkeny_ABujdoso,2,undirected
out_TorokGyula_APorban-real,out_TorokGyula_Ikrek,20,undirected
out_TorokGyula_Ikrek,out_AmbrusZoltan_MidasKiraly-szec,3,undirected
out_TorokGyula_Ikrek,out_BabitsMihaly_AGolyakalifa-szimb,10,undirected
out_TorokGyula_Ikrek,out_BrodySandor_Rembrandt,3,undirected
out_TorokGyula_Ikrek,out_DeryTibor_KethanguKialtas-exp,4,undirected
out_TorokGyula_Ikrek,out_OttlikGeza_Iskola,5,undirected
out_TorokGyula_Ikrek,out_TorokGyula_APorban-real,20,undirected
